{"pcc": {"1": {"1": {"delay": 1508.271, "loss": 0.0, "tput": 0.001451890338750949}, "all": {"delay": 1508.271, "loss": 0.0, "tput": 0.001451890338750949}}}, "bbr": {"1": {"1": {"delay": 1475.146, "loss": 0.13220471047981375, "tput": 0.9550963096031495}, "all": {"delay": 1475.146, "loss": 0.13220471047981375, "tput": 0.9550963096031495}}}}