{"bbr": {"1": {"1": {"delay": 5963.355, "loss": 0.17307494507755072, "tput": 0.3520484621577812}, "all": {"delay": 5963.355, "loss": 0.17307494507755072, "tput": 0.3520484621577812}}}, "cubic": {"1": {"1": {"delay": 9101.856, "loss": 0.27313393644224093, "tput": 0.5221291753132834}, "all": {"delay": 9101.856, "loss": 0.27313393644224093, "tput": 0.5221291753132834}}}}