{"pcc": {"1": {"1": {"delay": 1601.675, "loss": 0.0, "tput": 0.0014567440076212394}, "all": {"delay": 1601.675, "loss": 0.0, "tput": 0.0014567440076212394}}}, "cubic": {"1": {"1": {"delay": 9102.237, "loss": 0.27313393644224093, "tput": 0.5221294959020836}, "all": {"delay": 9102.237, "loss": 0.27313393644224093, "tput": 0.5221294959020836}}}}