{"pcc": {"1": {"1": {"delay": 1601.046, "loss": 0.0, "tput": 0.0014581581377284554}, "all": {"delay": 1601.046, "loss": 0.0, "tput": 0.0014581581377284554}}}, "bbr": {"1": {"1": {"delay": 6007.6, "loss": 0.19765186484146924, "tput": 0.36319811904864113}, "all": {"delay": 6007.6, "loss": 0.19765186484146924, "tput": 0.36319811904864113}}}}