{"pcc": {"1": {"1": {"delay": 1508.16, "loss": 0.0, "tput": 0.0014505694646975847}, "all": {"delay": 1508.16, "loss": 0.0, "tput": 0.0014505694646975847}}}, "cubic": {"1": {"1": {"delay": 1509.391, "loss": 0.2060675962101678, "tput": 1.2545966479932646}, "all": {"delay": 1509.391, "loss": 0.2060675962101678, "tput": 1.2545966479932646}}}}