{"bbr": {"1": {"1": {"delay": 1477.946, "loss": 0.06935551842131382, "tput": 0.9385401821349062}, "all": {"delay": 1477.946, "loss": 0.06935551842131382, "tput": 0.9385401821349062}}}, "cubic": {"1": {"1": {"delay": 1512.725, "loss": 0.19383786384017343, "tput": 1.3244890051358658}, "all": {"delay": 1512.725, "loss": 0.19383786384017343, "tput": 1.3244890051358658}}}}